first_repo_name,second_repo_name,joint_commits
Fxrh/Quaternion,QMatrixClient/Quaternion,256
QMatrixClient/Quaternion,Fxrh/Quaternion,256
headione/criticalmaps-ios,criticalmaps/criticalmaps-ios,256
architecture-building-systems/CityEnergyAnalyst,architecture-building-systems/CEAforArcGIS,256
criticalmaps/criticalmaps-ios,headione/criticalmaps-ios,256
architecture-building-systems/CEAforArcGIS,architecture-building-systems/CityEnergyAnalyst,256
Opware2000/Joomla-3-French-Full-release,AFUJ/joomla-cms-fr,512
AFUJ/joomla-cms-fr,Opware2000/Joomla-3-French-Full-release,512
crcn/saffron,tandemcode/tandem,257
tandemcode/tandem,crcn/saffron,257
platform9/fission,fission/fission,257
psd-tools/psd-tools,kmike/psd-tools,257
fission/fission,platform9/fission,257
kmike/psd-tools,psd-tools/psd-tools,257
kotlintest/kotlintest,sksamuel/ktest,513
sksamuel/ktest,kotlintest/kotlintest,513
TheBastionBot/Bastion,snkrsnkampa/Bastion,258
snkrsnkampa/Bastion,TheBastionBot/Bastion,258
Roshanjossey/first-contributions,multunus/first-contributions,5891
multunus/first-contributions,Roshanjossey/first-contributions,5891
aleju/ImageAugmenter,aleju/imgaug,260
McMartin/FRUT,McMartin/JUCE.cmake,260
aleju/imgaug,aleju/ImageAugmenter,260
McMartin/JUCE.cmake,McMartin/FRUT,260
internetarchive/bookreader,openlibrary/bookreader,261
openlibrary/bookreader,internetarchive/bookreader,261
react-native-community/react-native-svg,magicismight/react-native-art-svg,261
Kronos-Integration/kronos-service-manager-admin,Kronos-Integration/kronos-service-admin,261
magicismight/react-native-art-svg,react-native-community/react-native-svg,261
Kronos-Integration/kronos-service-admin,Kronos-Integration/kronos-service-manager-admin,261
tanglu-org/laniakea,lkorigin/laniakea,261
lkorigin/laniakea,tanglu-org/laniakea,261
OpenZeppelin/zeppelin-solidity,OpenZeppelin/zep-solidity,263
OpenZeppelin/zep-solidity,OpenZeppelin/zeppelin-solidity,263
apiaryio/dredd,apiaryio/dredd-transactions,264
ssbc/patchbay,dominictarr/patchboard,264
mozilla/activity-streams,mozilla/activity-stream,264
dominictarr/patchboard,dominictarr/patchbay,264
apache/zeppelin,fogbeam/zeppelin_mirror,264
dominictarr/patchboard,ssbc/patchbay,264
dominictarr/patchbay,dominictarr/patchboard,264
fogbeam/zeppelin_mirror,apache/zeppelin,264
ssbc/patchbay,dominictarr/patchbay,264
apiaryio/dredd-transactions,apiaryio/dredd,264
mozilla/activity-stream,mozilla/activity-streams,264
dominictarr/patchbay,ssbc/patchbay,264
knq/chromedp,chromedp/chromedp,265
chromedp/chromedp,knq/chromedp,265
glessard/deferred,glessard/async-deferred,265
glessard/async-deferred,glessard/deferred,265
create3000/titania,holger-seelig/titania,777
holger-seelig/titania,create3000/titania,777
simon-wh/PAYDAY-2-BeardLib,GreatBigBushyBeard/PAYDAY-2-BeardLib,266
GreatBigBushyBeard/PAYDAY-2-BeardLib,simon-wh/PAYDAY-2-BeardLib,266
jgraph/drawio,jgraph/draw.io,266
jgraph/draw.io,jgraph/drawio,266
bitshares/bitshares-2-ui,bitshares/bitshares-ui,1290
bitshares/bitshares-ui,bitshares/bitshares-2-ui,1290
facebook/presto,prestodb/presto,523
prestodb/presto,facebook/presto,523
Polymer/tachometer,PolymerLabs/tachometer,268
lbryio/lbry-electron,lbryio/lbry-app,268
PolymerLabs/tachometer,Polymer/tachometer,268
gcompris/GCompris-qt,KDE/gcompris,268
lbryio/lbry-app,lbryio/lbry-electron,268
KDE/gcompris,gcompris/GCompris-qt,268
pfnet/chainercv,chainer/chainercv,269
gdbtek/linux-cookbooks,gdbtek/ubuntu-cookbooks,269
inliniac/suricata,OISF/suricata,269
chainer/chainercv,pfnet/chainercv,269
OISF/suricata,inliniac/suricata,269
gdbtek/ubuntu-cookbooks,gdbtek/linux-cookbooks,269
gnss-sdr/gnss-sdr,carlesfernandez/gnss-sdr,1037
carlesfernandez/gnss-sdr,gnss-sdr/gnss-sdr,1037
rhos-infra/InfraRed,rhosqeauto/InfraRed,270
exa-analytics/atomic,exa-analytics/exatomic,270
exa-analytics/exatomic,exa-analytics/atomic,270
rhosqeauto/InfraRed,rhos-infra/InfraRed,270
rhos-infra/InfraRed,redhat-openstack/infrared,270
redhat-openstack/infrared,rhos-infra/InfraRed,270
JacobFischer/Cerveau,siggame/Cerveau,526
siggame/Cerveau,JacobFischer/Cerveau,526
ianopolous/Peergos,Peergos/Peergos,782
Peergos/Peergos,ianopolous/Peergos,782
Core2D/Core2D,wieslawsoltes/Core2D,271
wieslawsoltes/Core2D,Core2D/Core2D,271
iomad/iomad,projectestac/agora_moodle2,1551
projectestac/agora_moodle2,iomad/iomad,1551
libvirt/libvirt,zippy2/libvirt,4367
zippy2/libvirt,libvirt/libvirt,4367
GreyWuffGames/Werewolf,GreyWolfDev/Werewolf,272
End-to-end-provenance/RDataTracker,blernermhc/RDataTracker,272
blernermhc/RDataTracker,End-to-end-provenance/RDataTracker,272
GreyWolfDev/Werewolf,GreyWuffGames/Werewolf,272
plumed/plumed2,GiovanniBussi/test-travis-ci,273
GiovanniBussi/test-travis-ci,plumed/plumed2,273
alephdata/aleph,pudo/aleph,1553
pudo/aleph,alephdata/aleph,1553
boonex/trident,unaio/una,1042
unaio/una,boonex/trident,1042
gocd/www.go.cd,gocd/gocd.github.io,275
grokys/Perspex,AvaloniaUI/Avalonia,275
Perspex/Perspex,grokys/Perspex,275
AvaloniaUI/Avalonia,grokys/Perspex,275
gocd/gocd.github.io,gocd/www.go.cd,275
grokys/Perspex,Perspex/Perspex,275
RocketChat/Rocket.Chat.Android,RocketChat/Rocket.Chat.Android.Lily,787
RocketChat/Rocket.Chat.Android.Lily,RocketChat/Rocket.Chat.Android,787
carbon-design-system/carbon-components,carbon-design-system/carbon-components-react,276
tboox/xmake,waruqi/xmake,276
waruqi/xmake,tboox/xmake,276
carbon-design-system/carbon-components-react,carbon-design-system/carbon-components,276
CalderaWP/Caldera-Forms,Desertsnowman/Caldera-Forms,532
Desertsnowman/Caldera-Forms,CalderaWP/Caldera-Forms,532
InsightSoftwareConsortium/ITK,richardbeare/ITK,1300
richardbeare/ITK,InsightSoftwareConsortium/ITK,1300
zixia/wechaty,Chatie/wechaty,278
wechaty/wechaty,zixia/wechaty,278
zixia/wechaty,wechaty/wechaty,278
Chatie/wechaty,zixia/wechaty,278
muennich/mupdf,TamirEvan/mupdf,534
TamirEvan/mupdf,muennich/mupdf,534
muennich/mupdf,ArtifexSoftware/mupdf,534
ArtifexSoftware/mupdf,muennich/mupdf,534
anlaneg/dpdk,DPDK/dpdk,3862
napatech/dpdk,anlaneg/dpdk,3862
anlaneg/dpdk,ferruhy/dpdk,3862
DPDK/dpdk,anlaneg/dpdk,3862
anlaneg/dpdk,napatech/dpdk,3862
ferruhy/dpdk,anlaneg/dpdk,3862
GoogleChromeLabs/perception-toolkit,PolymerLabs/perception-toolkit,279
PolymerLabs/perception-toolkit,GoogleChromeLabs/perception-toolkit,279
psi4/DatenQM,psi4/mongo_qcdb,535
mesosphere-mergebot/mergebot-test-dcos,dcos/dcos,535
psi4/mongo_qcdb,psi4/DatenQM,535
dcos/dcos,mesosphere-mergebot/mergebot-test-dcos,535
domob1812/namecore,bitcoin/bitcoin,3351
bitcoin/bitcoin,domob1812/namecore,3351
goreleaser/goreleaser,goreleaser/releaser,280
goreleaser/releaser,goreleaser/goreleaser,280
lfam/guix,guix-mirror/guix,1817
lfam/guix,Millak/guix,1817
guix-mirror/guix,lfam/guix,1817
Millak/guix,lfam/guix,1817
jobisoft/TZPUSH1,jobisoft/TbSync,539
jobisoft/TbSync,jobisoft/TZPUSH1,539
jaegertracing/jaeger,uber/jaeger,284
uber/jaeger,jaegertracing/jaeger,284
gvlproject/cloudbridge,gvlproject/libcloudbridge,285
input-output-hk/cardano-sl,input-output-hk/pos-haskell-prototype,285
stahta01/codeblocks_svn2git_https_metadata,stahta01/codeblocks_svn2git_metadata,285
stahta01/codeblocks_svn2git_metadata,stahta01/codeblocks_svn2git_https_metadata,285
gvlproject/libcloudbridge,gvlproject/cloudbridge,285
input-output-hk/pos-haskell-prototype,input-output-hk/cardano-sl,285
ArduPilot/MissionPlanner,diydrones/MissionPlanner,541
diydrones/MissionPlanner,ArduPilot/MissionPlanner,541
micropython/micropython,pfalcon/micropython,542
hyperfiddle/hypercrud.browser,hypercrud/hypercrud-client,542
pfalcon/micropython,micropython/micropython,542
hypercrud/hypercrud-client,hyperfiddle/hypercrud.browser,542
apurtell/hadoop,apache/hadoop,1054
apache/hadoop,apurtell/hadoop,1054
MarlinFirmware/Marlin,KangDroid/Marlin,1310
KangDroid/Marlin,MarlinFirmware/Marlin,1310
balloob/home-assistant,home-assistant/home-assistant,2078
home-assistant/home-assistant,balloob/home-assistant,2078
stinsonga/emacs-mirror,kfowler/emacs,4638
kfowler/emacs,stinsonga/emacs-mirror,4638
ocaml/merlin,the-lambda-church/merlin,287
the-lambda-church/merlin,ocaml/merlin,287
zimmerman-zimmerman/OIPA,openaid-IATI/OIPA,1311
openaid-IATI/OIPA,zimmerman-zimmerman/OIPA,1311
sigrokproject/libsigrok,StefanBruens/libsigrok,290
StefanBruens/libsigrok,sigrokproject/libsigrok,290
gae-init/gae-init-babel,lipis/github-stats,291
GoogleWebComponents/model-viewer,PolymerLabs/model-viewer,291
gae-init/gae-init-babel,gae-init/gae-init,291
gae-init/gae-init,gae-init/gae-init-babel,291
lipis/github-stats,gae-init/gae-init-babel,291
PolymerLabs/model-viewer,GoogleWebComponents/model-viewer,291
urbit/arvo,urbit/urbit,803
urbit/urbit,urbit/arvo,803
vpp-dev/vpp,chrisy/vpp,1827
vpp-dev/vpp,FDio/vpp,1827
FDio/vpp,vpp-dev/vpp,1827
chrisy/vpp,vpp-dev/vpp,1827
ESFramework/ESFramework,ElfSundae/ESFramework,804
ElfSundae/ESFramework,ESFramework/ESFramework,804
Codeception/base,Codeception/Codeception,293
Codeception/Codeception,Codeception/base,293
OAButton/oab_static,OAButton/website,805
OAButton/website,OAButton/oab_static,805
dry-rb/dry-validation,dryrb/dry-validation,294
dryrb/dry-validation,dry-rb/dry-validation,294
wechaty/wechaty,Chatie/wechaty,295
Chatie/wechaty,wechaty/wechaty,295
aksnzhy/xLearn,PKU-Cloud-Lab/xLearn,295
PKU-Cloud-Lab/xLearn,aksnzhy/xLearn,295
mistercrunch/airflow,apache/airflow,551
apache/airflow,mistercrunch/airflow,551
devtools-html/perf.html,mstange/cleopatra,807
mstange/cleopatra,devtools-html/perf.html,807
colinodell/commonmark,thephpleague/commonmark,296
BuckleTypes/bs-react-native,reasonml-community/bs-react-native,296
thephpleague/commonmark,colinodell/commonmark,296
reasonml-community/bs-react-native,BuckleTypes/bs-react-native,296
lsaffre/lino_book,lino-framework/book,552
lino-framework/book,lsaffre/lino_book,552
tgstation/tgstation,tgstation/-tg-station,1576
tgstation/-tg-station,tgstation/tgstation,1576
philwareham/txp-hive-admin-theme,philwareham/textpattern-hive-admin-theme,297
philwareham/textpattern-hive-admin-theme,philwareham/txp-hive-admin-theme,297
regardscitoyens/Collaborateurs-Senat,regardscitoyens/Collaborateurs-Parlement,809
regardscitoyens/Collaborateurs-Parlement,regardscitoyens/Collaborateurs-Senat,809
APIs-guru/openapi-directory,APIs-guru/api-models,298
rackerlabs/django-DefectDojo,OWASP/django-DefectDojo,298
influxdata/docs.influxdata.com,influxdb/docs.influxdata.com,298
OWASP/django-DefectDojo,rackerlabs/django-DefectDojo,298
influxdb/docs.influxdata.com,influxdata/docs.influxdata.com,298
APIs-guru/api-models,APIs-guru/openapi-directory,298
rpm-software-management/ci-dnf-stack,rholy/dnf-stack-ci,554
rholy/dnf-stack-ci,rpm-software-management/ci-dnf-stack,554
df8oe/mchf-github,df8oe/UHSDR,299
colinxfleming/dcaf_case_management,DCAFEngineering/dcaf_case_management,299
DCAFEngineering/dcaf_case_management,colinxfleming/dcaf_case_management,299
df8oe/UHSDR,df8oe/mchf-github,299
domob1812/namecore,ElementsProject/elements,555
qtumproject/qtum,ElementsProject/elements,555
ElementsProject/elements,qtumproject/qtum,555
ElementsProject/elements,fujicoin/fujicoin,555
ElementsProject/elements,bitcoin/bitcoin,555
bitcoin/bitcoin,ElementsProject/elements,555
ElementsProject/elements,domob1812/namecore,555
ElementsProject/elements,FeatherCoin/Feathercoin,555
fujicoin/fujicoin,ElementsProject/elements,555
FeatherCoin/Feathercoin,ElementsProject/elements,555
fujicoin/fujicoin,domob1812/namecore,2347
bitcoin/bitcoin,fujicoin/fujicoin,2347
fujicoin/fujicoin,bitcoin/bitcoin,2347
domob1812/namecore,fujicoin/fujicoin,2347
mattgodbolt/compiler-explorer,mattgodbolt/gcc-explorer,1068
mattgodbolt/gcc-explorer,mattgodbolt/compiler-explorer,1068
scmrtos/openocd-scmrtos,riscv/riscv-openocd,301
riscv/riscv-openocd,olerem/openocd,301
yishn/Sabaki,yishn/Goban,301
sysprogs/openocd,riscv/riscv-openocd,301
riscv/riscv-openocd,scmrtos/openocd-scmrtos,301
ntfreak/openocd,riscv/riscv-openocd,301
yishn/Goban,yishn/Sabaki,301
olerem/openocd,riscv/riscv-openocd,301
riscv/riscv-openocd,sysprogs/openocd,301
riscv/riscv-openocd,ntfreak/openocd,301
firesidefiction/magazine,firesidefiction/firesidefiction.github.io,302
cjsu/SMAPI,Pathoschild/SMAPI,302
DBCG/cqf-ruler,DBCG/cql_measure_processor,302
DBCG/cql_measure_processor,DBCG/cqf-ruler,302
Pathoschild/SMAPI,cjsu/SMAPI,302
firesidefiction/firesidefiction.github.io,firesidefiction/magazine,302
frappe/erpnext,ovresko/erpnext,814
ovresko/erpnext,frappe/erpnext,814
wikimedia/apps-ios-wikipedia,wikimedia/wikipedia-ios,3118
wikimedia/wikipedia-ios,wikimedia/apps-ios-wikipedia,3118
batfish/batfish,intentionet/batfish,2095
intentionet/batfish,batfish/batfish,2095
MinnPost/object-sync-for-salesforce,MinnPost/salesforce-rest-api,304
MinnPost/salesforce-rest-api,MinnPost/object-sync-for-salesforce,304
phacility/phabricator,wikimedia/phabricator,816
wikimedia/phabricator,phacility/phabricator,816
alcohol/paste.robbast.nl,alcohol/sf-minimal-demo,305
alcohol/sf-minimal-demo,alcohol/paste.robbast.nl,305
frida/glib,GNOME/glib,561
GNOME/glib,frida/glib,561
endlessm/glib,frida/glib,561
frida/glib,endlessm/glib,561
etalab/udata,opendatateam/udata,308
opendatateam/udata,etalab/udata,308
endlessm/mutter,GNOME/mutter,1076
GNOME/mutter,endlessm/mutter,1076
uclouvain/OSIS-Louvain,uclouvain/osis,6196
uclouvain/osis,uclouvain/OSIS-Louvain,6196
felipeZ/nonAdiabaticCoupling,SCM-NV/qmworks-namd,309
apache/incubator-mxnet,dmlc/mxnet,309
SCM-NV/qmworks-namd,felipeZ/nonAdiabaticCoupling,309
dmlc/mxnet,apache/incubator-mxnet,309
fossasia/open-event-android,fossasia/rp15,565
fossasia/rp15,fossasia/open-event-android,565
openembedded/meta-openembedded,rehsack/meta-openembedded,2613
rehsack/meta-openembedded,openembedded/meta-openembedded,2613
EBIvariation/eva-ws,EBIvariation/eva,310
EBIvariation/eva,EBIvariation/eva-ws,310
Didou09/tofu,ToFuProject/tofu,311
mozilla-services/screenshots,mozilla-services/pageshot,311
mozilla-services/pageshot,mozilla-services/screenshots,311
ToFuProject/tofu,Didou09/tofu,311
hexojs/hexo,kywk/hexi,312
kywk/hexi,hexojs/hexo,312
ghent360/lede-project,wongsyrone/lede-1,2872
wongsyrone/lede-1,ghent360/lede-project,2872
wongsyrone/lede-1,lede-project/source,2872
openwrt/openwrt,wongsyrone/lede-1,2872
wongsyrone/lede-1,openwrt/openwrt,2872
lede-project/source,wongsyrone/lede-1,2872
faucetsdn/faucet,REANNZ/faucet,1337
REANNZ/faucet,faucetsdn/faucet,1337
dryrb/dry-data,dryrb/dry-types,314
numixproject/numix-core,numixproject/circle-core,314
dryrb/dry-types,dryrb/dry-data,314
numixproject/circle-core,numixproject/numix-core,314
ghent360/lede-project-packages,openwrt/packages,4154
ghent360/lede-project-packages,jszakmeister/old-packages,4154
jszakmeister/old-packages,ghent360/lede-project-packages,4154
openwrt/packages,ghent360/lede-project-packages,4154
jeremi360/Ren-GD,jeremi360/Ren,315
openai/cleverhans,tensorflow/cleverhans,315
tensorflow/cleverhans,openai/cleverhans,315
jeremi360/Ren,jeremi360/Ren-GD,315
dreampet/gitlab,iiet/iiet-git,315
iiet/iiet-git,dreampet/gitlab,315
DethRaid/nova-renderer,DethRaid/vulkan-mod,571
ethereum/go-ethereum,ethersphere/go-ethereum,571
DethRaid/vulkan-mod,DethRaid/nova-renderer,571
ethersphere/go-ethereum,ethereum/go-ethereum,571
zstackorg/zstack-utility,zstackio/zstack-utility,316
zstackio/zstack-utility,zstackorg/zstack-utility,316
HIPERFIT/futhark,diku-dk/futhark,316
diku-dk/futhark,HIPERFIT/futhark,316
AMDmi3/repology,repology/repology,572
bioconda/bioconda-recipes,bioconda/recipes,572
bioconda/recipes,bioconda/bioconda-recipes,572
repology/repology,AMDmi3/repology,572
opencobra/memote,biosustain/memote,317
adrn/gala,adrn/gary,317
adrn/gary,adrn/gala,317
mRemoteNG/mRemoteNG,rmcardle/mRemoteNG,317
rmcardle/mRemoteNG,mRemoteNG/mRemoteNG,317
biosustain/memote,opencobra/memote,317
vector-im/vector-android,vector-im/riot-android,829
vector-im/riot-android,vector-im/vector-android,829
ipfs/go-libp2p,libp2p/go-libp2p,318
libp2p/go-libp2p,ipfs/go-libp2p,318
mariusandra/kea-logic,keajs/kea,318
keajs/kea,mariusandra/kea-logic,318
GerritCodeReview/gerrit,qtproject/qtqa-gerrit,575
qtproject/qtqa-gerrit,GerritCodeReview/gerrit,575
zubairq/yazz,zubairq/gosharedata,1087
zubairq/gosharedata,zubairq/yazz,1087
jspaaks/collab-demos,NLeSC/collab-demos,320
Squishymedia/BIDS-Validator,Squishymedia/bids-validator,320
NLeSC/collab-demos,jspaaks/collab-demos,320
Squishymedia/bids-validator,Squishymedia/BIDS-Validator,320
LiskHQ/lisk,LiskHQ/lisk-js,832
LiskHQ/lisk-js,LiskHQ/lisk,832
universityofglasgow/moodle,moodle/moodle,1856
moodle/moodle,universityofglasgow/moodle,1856
apache/airflow,airbnb/airflow,321
mistercrunch/airflow,airbnb/airflow,321
airbnb/airflow,apache/airflow,321
apache/incubator-airflow,airbnb/airflow,321
airbnb/airflow,apache/incubator-airflow,321
airbnb/airflow,mistercrunch/airflow,321
HeapsIO/heaps,ncannasse/heaps,322
ncannasse/heaps,HeapsIO/heaps,322
opentower/carnap,gleachkr/Carnap,323
gleachkr/Carnap,opentower/carnap,323
FlatlanderWoman/personalWebsite,FlatlanderWoman/portfolio,323
FlatlanderWoman/portfolio,FlatlanderWoman/personalWebsite,323
evernym/plenum,evernym/zeno,323
itchio/itchio-app,itchio/itch,323
evernym/zeno,evernym/plenum,323
itchio/itch,itchio/itchio-app,323
itchio/itchio-app,leafo/itchio-app,323
leafo/itchio-app,itchio/itchio-app,323
tildeio/glimmer,glimmerjs/glimmer-vm,325
glimmerjs/glimmer-vm,tildeio/glimmer,325
emmericp/dpdk,DPDK/dpdk,1605
anlaneg/dpdk,emmericp/dpdk,1605
emmericp/dpdk,grivet/dpdk,1605
grivet/dpdk,emmericp/dpdk,1605
napatech/dpdk,emmericp/dpdk,1605
DPDK/dpdk,emmericp/dpdk,1605
emmericp/dpdk,ferruhy/dpdk,1605
emmericp/dpdk,anlaneg/dpdk,1605
emmericp/dpdk,napatech/dpdk,1605
ferruhy/dpdk,emmericp/dpdk,1605
f-droid/fdroiddata,f-droid/fdroid-data,3141
f-droid/fdroid-data,f-droid/fdroiddata,3141
hughsie/libhif,rpm-software-management/libdnf,326
jeblad/spec,jeblad/Pickle,326
rpm-software-management/libdnf,hughsie/libhif,326
jeblad/Pickle,jeblad/spec,326
zencart/zencart,zencart/zc-v1-series,1350
zencart/zc-v1-series,zencart/zencart,1350
jazzband/django-axes,django-pci/django-axes,327
driftyco/ionic-site,ionic-team/ionic-site,327
ionic-team/ionic-site,driftyco/ionic-site,327
django-pci/django-axes,jazzband/django-axes,327
XCSoar/XCSoar,Exadios/xcsoar-exp,328
africanmathsinitiative/Instat,africanmathsinitiative/R-Instat,328
africanmathsinitiative/R-Instat,africanmathsinitiative/Instat,328
Exadios/xcsoar-exp,XCSoar/XCSoar,328
steinbaugh/seqcloudr,steinbaugh/basejump,1353
steinbaugh/basejump,steinbaugh/seqcloudr,1353
unboxed/unboxed.co,unboxed/ubxd_web_refresh,330
unboxed/ubxd_web_refresh,unboxed/unboxed.co,330
lyft/envoy,envoyproxy/envoy,586
envoyproxy/envoy-wasm,lyft/envoy,586
lyft/envoy,envoyproxy/envoy-wasm,586
envoyproxy/envoy,lyft/envoy,586
Microsoft/vso-agent-tasks,Microsoft/vsts-tasks,331
Microsoft/vsts-tasks,Microsoft/vso-agent-tasks,331
chrislo27/RhythmHeavenRemixEditor,chrislo27/RhythmHeavenRemixEditor2,587
chrislo27/RhythmHeavenRemixEditor2,chrislo27/RhythmHeavenRemixEditor,587
budparr/thenewdynamic,thenewdynamic-org/thenewdynamic.org,332
thenewdynamic-org/thenewdynamic.org,budparr/thenewdynamic,332
PnX-SI/GeoNature,PnEcrins/GeoNature,333
PnEcrins/GeoNature,PnX-SI/GeoNature,333
neicnordic/experimental.neic.nordforsk.org,neicnordic/neic.no,589
tetherless-world/satoru,tetherless-world/graphene,589
neicnordic/neic.no,neicnordic/experimental.neic.nordforsk.org,589
tetherless-world/graphene,tetherless-world/satoru,589
dpavlin/Koha,Koha-Community/Koha,845
colinsc/koha,dpavlin/Koha,845
Koha-Community/Koha,dpavlin/Koha,845
fredericd/Koha,dpavlin/Koha,845
dpavlin/Koha,fredericd/Koha,845
dpavlin/Koha,colinsc/koha,845
json-api-dotnet/JsonApiDotNetCore,Research-Institute/json-api-dotnet-core,334
Research-Institute/json-api-dotnet-core,json-api-dotnet/JsonApiDotNetCore,334
docker/docker,moby/moby,1870
moby/moby,docker/docker,1870
kfowler/emacs-mac,stinsonga/emacs-mirror,335
stinsonga/emacs-mirror,iquiw/emacs-Win32-IME,335
kfowler/emacs,iquiw/emacs-Win32-IME,335
stinsonga/emacs-mirror,kfowler/emacs-mac,335
iquiw/emacs-Win32-IME,kfowler/emacs,335
emacs-mirror/emacs,iquiw/emacs-Win32-IME,335
iquiw/emacs-Win32-IME,kfowler/emacs-mac,335
iquiw/emacs-Win32-IME,emacs-mirror/emacs,335
kfowler/emacs-mac,kfowler/emacs,335
kfowler/emacs-mac,iquiw/emacs-Win32-IME,335
emacs-mirror/emacs,kfowler/emacs-mac,335
kfowler/emacs,kfowler/emacs-mac,335
iquiw/emacs-Win32-IME,stinsonga/emacs-mirror,335
kfowler/emacs-mac,emacs-mirror/emacs,335
wikimedia/phabricator,wikimedia/phabricator-phabricator,847
wikimedia/phabricator-phabricator,wikimedia/phabricator,847
bitsquare/bitsquare,bisq-network/exchange,1103
bisq-network/exchange,bitsquare/bitsquare,1103
FarmBot/farmbot-web-app,FarmBot/Farmbot-Web-API,1359
FarmBot/Farmbot-Web-API,FarmBot/farmbot-web-app,1359
ContinuumIO/dask,blaze/dask,336
blaze/dask,ContinuumIO/dask,336
transcendent-ai-labs/PlasmaML,mandar2812/PlasmaML,337
tensorflow/tfjs-core,tensorflow/tfjs,337
mandar2812/PlasmaML,transcendent-ai-labs/PlasmaML,337
tensorflow/tfjs,tensorflow/tfjs-core,337
OpenTTD/OpenTTD,JGRennison/OpenTTD-patches,849
JGRennison/OpenTTD-patches,OpenTTD/OpenTTD,849
qtumproject/qtum,bitcoin/bitcoin,594
qtumproject/qtum,domob1812/namecore,594
fujicoin/fujicoin,qtumproject/qtum,594
fujicoin/fujicoin,FeatherCoin/Feathercoin,594
qtumproject/qtum,fujicoin/fujicoin,594
domob1812/namecore,qtumproject/qtum,594
FeatherCoin/Feathercoin,domob1812/namecore,594
FeatherCoin/Feathercoin,bitcoin/bitcoin,594
bitcoin/bitcoin,FeatherCoin/Feathercoin,594
FeatherCoin/Feathercoin,fujicoin/fujicoin,594
bitcoin/bitcoin,qtumproject/qtum,594
domob1812/namecore,FeatherCoin/Feathercoin,594
mattmakai/fullstackpython.com,makaimc/fullstackpython.com,339
galahq/gala,michigan-sustainability-cases/gala,339
makaimc/fullstackpython.com,mattmakai/fullstackpython.com,339
OPM/opm-common,OPM/opm-cmake,339
Citadel-Station-13/Citadel-Station-13,Citadel-Station-13/Citadel-Station-13-6th-Port,339
michigan-sustainability-cases/gala,galahq/gala,339
Citadel-Station-13/Citadel-Station-13-6th-Port,Citadel-Station-13/Citadel-Station-13,339
rryqszq4/ngx_php7,rryqszq4/php7-nginx-module,339
OPM/opm-cmake,OPM/opm-common,339
rryqszq4/php7-nginx-module,rryqszq4/ngx_php7,339
TeamHypersomnia/Hypersomnia,TeamHypersomnia/Augmentations,595
TeamHypersomnia/Augmentations,TeamHypersomnia/Hypersomnia,595
Discordius/Lesswrong2,Discordius/Telescope,1363
Discordius/Telescope,Discordius/Lesswrong2,1363
mistercrunch/airflow,apache/incubator-airflow,341
apache/incubator-airflow,apache/airflow,341
apache/airflow,apache/incubator-airflow,341
apache/incubator-airflow,mistercrunch/airflow,341
RasaHQ/rasa_core,RasaHQ/rasa_nlu,1109
RasaHQ/rasa_nlu,RasaHQ/rasa_core,1109
Xmetalfanx/linuxscripts,Xmetalfanx/linuxSetup,342
Xmetalfanx/linuxSetup,Xmetalfanx/linuxscripts,342
mzmine/mzmine2,mzmine/mzmine3,1110
mzmine/mzmine3,mzmine/mzmine2,1110
ntfreak/openocd,sysprogs/openocd,343
scmrtos/openocd-scmrtos,sysprogs/openocd,343
sysprogs/openocd,scmrtos/openocd-scmrtos,343
sysprogs/openocd,olerem/openocd,343
olerem/openocd,sysprogs/openocd,343
sysprogs/openocd,ntfreak/openocd,343
jerryzhujian9/ezmisc,jerryzhujian9/zmisc,344
jerryzhujian9/zmisc,jerryzhujian9/ezmisc,344
vmihailenco/pg,go-pg/pg,345
scmrtos/openocd-scmrtos,olerem/openocd,345
maidsafe/safe_client_libs,maidsafe/maidsafe_client,345
olerem/openocd,scmrtos/openocd-scmrtos,345
maidsafe/maidsafe_client,maidsafe/safe_client_libs,345
ntfreak/openocd,scmrtos/openocd-scmrtos,345
go-pg/pg,vmihailenco/pg,345
csdms/pymt,csdms/coupling,345
scmrtos/openocd-scmrtos,ntfreak/openocd,345
csdms/coupling,csdms/pymt,345
DualSpark/rusoto,rusoto/rusoto,601
davidmerfield/Blot-core,davidmerfield/Blot,601
rusoto/rusoto,DualSpark/rusoto,601
davidmerfield/Blot,davidmerfield/Blot-core,601
OpenSID/OpenSID,eddieridwan/OpenSID,346
eddieridwan/OpenSID,OpenSID/OpenSID,346
react-tools/react-table,tannerlinsley/react-table,347
tannerlinsley/react-table,react-tools/react-table,347
radum/webapp-boilerplate,radum/webapp-boilerplate-webpack,603
radum/webapp-boilerplate-webpack,radum/webapp-boilerplate,603
mavam/vast,vast-io/vast,604
vast-io/vast,mavam/vast,604
nolimits4web/Framework7,framework7io/Framework7,604
framework7io/Framework7,nolimits4web/Framework7,604
ENG-SYSTEMS/Kob-Eye,MAN-IN-WAN/Kob-Eye,605
zstackorg/zstack,zstackio/zstack,605
MAN-IN-WAN/Kob-Eye,ENG-SYSTEMS/Kob-Eye,605
zstackio/zstack,zstackorg/zstack,605
eriksl/esp8266-universal-io-bridge,eriksl/esp8266-basic-bridge,350
eriksl/esp8266-basic-bridge,eriksl/esp8266-universal-io-bridge,350
musicbrainz/picard,metabrainz/picard,862
metabrainz/picard,musicbrainz/picard,862
ntfreak/openocd,olerem/openocd,351
olerem/openocd,ntfreak/openocd,351
GNOME/gnome-control-center,endlessm/gnome-control-center,607
endlessm/gnome-control-center,GNOME/gnome-control-center,607
envoyproxy/envoy,envoyproxy/envoy-wasm,2143
envoyproxy/envoy-wasm,envoyproxy/envoy,2143
ghent360/lede-project,openwrt/openwrt,2911
lede-project/source,openwrt/openwrt,2911
openwrt/openwrt,lede-project/source,2911
ghent360/lede-project,lede-project/source,2911
openwrt/openwrt,ghent360/lede-project,2911
lede-project/source,ghent360/lede-project,2911
Linuxbrew/homebrew-core,Homebrew/homebrew-core,3680
Homebrew/homebrew-core,Linuxbrew/homebrew-core,3680
KDr2/org-mode,kjambunathan/org-mode-ox-odt,97
kjambunathan/org-mode-ox-odt,KDr2/org-mode,97
MusicPlayerDaemon/MPD,MaxKellermann/MPD,609
MaxKellermann/MPD,MusicPlayerDaemon/MPD,609
endlessm/gnome-shell,GNOME/gnome-shell,1121
GNOME/gnome-shell,endlessm/gnome-shell,1121
SpinVR/three.js,mrdoob/three.js,4705
mrdoob/three.js,SpinVR/three.js,4705
flon-io/flor,floraison/flor,354
floraison/flor,flon-io/flor,354
openmv/openmv,iabdalkader/openmv,355
iabdalkader/openmv,openmv/openmv,355
influxdata/influxdb,influxdb/influxdb,2403
influxdb/influxdb,influxdata/influxdb,2403
leek-wars/leekscript,5Pilow/LeekScript,1380
5Pilow/LeekScript,leek-wars/leekscript,1380
grow/grow,grow/pygrow,357
doomspork/elixir_school,elixirschool/elixirschool,357
grow/pygrow,grow/grow,357
doomspork/elixir_school,doomspork/elixir-school,357
doomspork/elixir-school,doomspork/elixir_school,357
elixirschool/elixirschool,doomspork/elixir_school,357
craftercms/studio2,craftercms/studio,1125
craftercms/studio,craftercms/studio2,1125
jpakkane/meson,mesonbuild/meson,1381
mesonbuild/meson,jpakkane/meson,1381
dissemin/dissemin,wetneb/dissemin,358
wetneb/dissemin,dissemin/dissemin,358
nextcloud/android,SpryServers/sprycloud-android,1639
SpryServers/sprycloud-android,nextcloud/android,1639
blockstack/blockstack-registrar,blockstack/registrar,360
blockstack/registrar,blockstack/blockstack-registrar,360
systemd/systemd,openSUSE/systemd,4712
openSUSE/systemd,systemd/systemd,4712
Koha-Community/Koha,fredericd/Koha,2921
Koha-Community/Koha,colinsc/koha,2921
colinsc/koha,Koha-Community/Koha,2921
fredericd/Koha,Koha-Community/Koha,2921
fredericd/Koha,colinsc/koha,2921
colinsc/koha,fredericd/Koha,2921
itchio/itch,leafo/itchio-app,363
leafo/itchio-app,itchio/itch,363
xtermjs/xterm.js,sourcelair/xterm.js,1387
sourcelair/xterm.js,xtermjs/xterm.js,1387
hpcugent/easybuild-easyconfigs,easybuilders/easybuild-easyconfigs,364
easybuilders/easybuild-easyconfigs,hpcugent/easybuild-easyconfigs,364
4dn-dcic/fourfront,hms-dbmi/fourfront,1132
hms-dbmi/fourfront,4dn-dcic/fourfront,1132
pfnet/chainer,chainer/chainer,1645
chainer/chainer,pfnet/chainer,1645
oragono/oragono,DanielOaks/oragono,366
DanielOaks/oragono,oragono/oragono,366
akvo/akvo-lumen,akvo/akvo-dash,878
legacysurvey/legacypipe,legacysurvey/pipeline,878
legacysurvey/pipeline,legacysurvey/legacypipe,878
akvo/akvo-dash,akvo/akvo-lumen,878
bpeng2000/SOS,vatlab/SOS,367
vatlab/SOS,bpeng2000/SOS,367
bpeng2000/SOS,BoPeng/SOS,367
BoPeng/SOS,bpeng2000/SOS,367
wistityhq/strapi,strapi/strapi,368
strapi/strapi,wistityhq/strapi,368
ArduPilot/ardupilot,diydrones/ardupilot,1905
diydrones/ardupilot,ArduPilot/ardupilot,1905
webcamoid/webcamoid,hipersayanX/webcamoid,371
hipersayanX/webcamoid,webcamoid/webcamoid,371
doxygen/doxygen,vscosta/doxygen-yap,627
vscosta/doxygen-yap,doxygen/doxygen,627
CloudSlang/cs-actions,CloudSlang/score-actions,372
CloudSlang/score-actions,CloudSlang/cs-actions,372
ArtifexSoftware/mupdf,TamirEvan/mupdf,628
TamirEvan/mupdf,ArtifexSoftware/mupdf,628
melrief/pureconfig,pureconfig/pureconfig,373
exponentjs/exponent,exponent/exponent,373
pureconfig/pureconfig,melrief/pureconfig,373
exponent/exponent,exponentjs/exponent,373
Abolitionist-Project/QuantiModo-Ionic-Template-App,QuantiModo/quantimodo-android-chrome-ios-web-app,374
QuantiModo/quantimodo-android-chrome-ios-web-app,Abolitionist-Project/QuantiModo-Ionic-Template-App,374
A-l-y-l-e/Alyle-UI,Aviella/Alyle-UI,375
KitwareMedical/ITKTubeTK,KitwareMedical/TubeTK,375
puppeteer/puppeteer,GoogleChrome/puppeteer,375
Aviella/Alyle-UI,A-l-y-l-e/Alyle-UI,375
GoogleChrome/puppeteer,puppeteer/puppeteer,375
KitwareMedical/TubeTK,KitwareMedical/ITKTubeTK,375
nteract/composition,nteract/nteract,889
nteract/nteract,nteract/composition,889
storybooks/storybook,kadirahq/react-storybook,1145
kadirahq/react-storybook,storybooks/react-storybook,1145
storybooks/react-storybook,kadirahq/react-storybook,1145
kadirahq/react-storybook,storybooks/storybook,1145
AyuntamientoMadrid/participacion,consul/consul,1657
consul/consul,AyuntamientoMadrid/participacion,1657
OntimizeWeb/ontimize-web-ngx,OntimizeWeb/ontimize-web-ng2,378
OntimizeWeb/ontimize-web-ng2,OntimizeWeb/ontimize-web-ngx,378
bcit-ci/CodeIgniter4,lonnieezell/CodeIgniter4,1146
lonnieezell/CodeIgniter4,bcit-ci/CodeIgniter4,1146
legastero/stanza.io,otalk/stanza.io,380
otalk/stanza.io,legastero/stanza.io,380
pachyderm/pfs,pachyderm/pachyderm,636
pachyderm/pachyderm,pachyderm/pfs,636
vygr/ChrysaLisp,vygr/Asm-Kernel,638
scylladb/seastar,cloudius-systems/seastar,638
vygr/Asm-Kernel,vygr/ChrysaLisp,638
cloudius-systems/seastar,scylladb/seastar,638
sqlalchemy/sqlalchemy,zzzeek/sqlalchemy,639
zzzeek/sqlalchemy,sqlalchemy/sqlalchemy,639
lamdu/lamdu,Peaker/lamdu,895
Peaker/lamdu,lamdu/lamdu,895
CentOS-PaaS-SIG/linchpin,CentOS-PaaS-SIG/linch-pin,895
CentOS-PaaS-SIG/linch-pin,CentOS-PaaS-SIG/linchpin,895
MarginallyClever/Robot-Overlord-App,i-make-robots/Evil-Overlord,384
rzeh4n/psp-validator,NLCR/komplexni-validator,384
i-make-robots/Evil-Overlord,MarginallyClever/Robot-Overlord,384
artsy/reaction-force,artsy/reaction,384
NLCR/komplexni-validator,rzeh4n/psp-validator,384
i-make-robots/Evil-Overlord,MarginallyClever/Robot-Overlord-App,384
artsy/reaction,artsy/reaction-force,384
MarginallyClever/Robot-Overlord,i-make-robots/Evil-Overlord,384
salesagility/SuiteCRM,lionixevolve/LionixCRM,896
lionixevolve/LionixCRM,salesagility/SuiteCRM,896
GStreamer/cerbero,atsushieno/cerbero,385
atsushieno/cerbero,GStreamer/cerbero,385
clinwiki-org/cw-app,clinwiki-org/clinwiki,130
clinwiki-org/clinwiki,clinwiki-org/cw-app,130
quasarframework/quasar,rstoenescu/quasar-framework,1154
rstoenescu/quasar-framework,quasarframework/quasar,1154
qTox/qTox,tux3/qTox,388
tux3/qTox,qTox/qTox,388
MIPT-ILab/mipt-mips-2015,MIPT-ILab/mipt-mips,389
logaretm/vee-validate,baianat/vee-validate,389
baianat/vee-validate,logaretm/vee-validate,389
MIPT-ILab/mipt-mips,MIPT-ILab/mipt-mips-2015,389
igmhub/picca,igmhub/pyLyA,645
igmhub/pyLyA,igmhub/picca,645
WeblateOrg/docker,nijel/weblate-docker,391
nijel/weblate-docker,WeblateOrg/docker,391
toastkidjp/Yobidashi_kt,toastkidjp/Jitte,648
toastkidjp/Jitte,toastkidjp/Yobidashi_kt,648
bitcoin-s/bitcoin-s,bitcoin-s/bitcoin-s-core,393
bitcoin-s/bitcoin-s-core,bitcoin-s/bitcoin-s,393
TrinityCore/TrinityCore,AshamaneProject/AshamaneCore,394
AshamaneProject/AshamaneCore,TrinityCore/TrinityCore,394
gae-init/gae-init,lipis/github-stats,398
lipis/github-stats,gae-init/gae-init,398
rstacruz/pnpm,pnpm/pnpm,656
pnpm/pnpm,rstacruz/pnpm,656
alxshelepenok/gatsby-starter-lumen,rkkautsar/blog,659
rkkautsar/blog,alxshelepenok/gatsby-starter-lumen,659
zubairq/gosharedata,zubairq/AppShare,915
zubairq/yazz,zubairq/AppShare,915
zubairq/AppShare,zubairq/yazz,915
zubairq/AppShare,zubairq/gosharedata,915
ceolter/ag-grid,ceolter/angular-grid,1939
ceolter/angular-grid,ceolter/ag-grid,1939
5thfloor/ichiji-social,tootsuite/mastodon,148
tootsuite/mastodon,5thfloor/ichiji-social,148
henrypp/simplewall,henrypp/wfptool,660
henrypp/wfptool,henrypp/simplewall,660
oktal/rest,oktal/pistache,405
oktal/pistache,oktal/rest,405
codeforamerica/streetmix,streetmix/streetmix,1174
streetmix/streetmix,codeforamerica/streetmix,1174
baidu/Paddle,PaddlePaddle/Paddle,2454
PaddlePaddle/Paddle,baidu/Paddle,2454
ftomei/CRITERIA-3D,ftomei/CRITERIA3D,407
spring-cloud/spring-cloud-dataflow,spring-cloud/spring-cloud-data,407
Wano-k/RPG-Paper-Maker,RPG-Paper-Maker/RPG-Paper-Maker,407
RPG-Paper-Maker/RPG-Paper-Maker,Wano-k/RPG-Paper-Maker,407
spring-cloud/spring-cloud-data,spring-cloud/spring-cloud-dataflow,407
nsnam/ns-3-dev-git,Gabrielcarvfer/NS3,407
ftomei/CRITERIA3D,ftomei/CRITERIA-3D,407
Gabrielcarvfer/NS3,nsnam/ns-3-dev-git,407
edx/edx-platform,eduNEXT/edunext-platform,153
eduNEXT/edunext-platform,edx/edx-platform,153
willwhitney/hydrogen,nteract/hydrogen,411
nteract/hydrogen,willwhitney/hydrogen,411
advancedtelematic/sota_client_cpp,advancedtelematic/aktualizr,923
advancedtelematic/aktualizr,advancedtelematic/sota_client_cpp,923
schulcloud/schulcloud-server,schul-cloud/schulcloud-server,1947
schul-cloud/schulcloud-server,schulcloud/schulcloud-server,1947
wordpress-mobile/WordPress-Stores-Android,wordpress-mobile/WordPress-FluxC-Android,1436
wordpress-mobile/WordPress-FluxC-Android,wordpress-mobile/WordPress-Stores-Android,1436
endlessm/systemd,openSUSE/systemd,413
endlessm/systemd,systemd/systemd,413
openSUSE/systemd,endlessm/systemd,413
systemd/systemd,endlessm/systemd,413
tblume/systemd-testsuite-suse,endlessm/systemd,413
endlessm/systemd,systemd/systemd-stable,413
systemd/systemd-stable,endlessm/systemd,413
endlessm/systemd,tblume/systemd-testsuite-suse,413
sampsyo/beets,beetbox/beets,669
beetbox/beets,sampsyo/beets,669
opennode/waldur-mastermind,opennode/nodeconductor-assembly-waldur,1694
opennode/nodeconductor-assembly-waldur,opennode/waldur-mastermind,1694
spacy-io/spaCy,honnibal/spaCy,673
spacy-io/spaCy,explosion/spaCy,673
explosion/spaCy,spacy-io/spaCy,673
honnibal/spaCy,spacy-io/spaCy,673
benzmuircroft/REWIRE.io,SyndicateLtd/SyndicateQT,162
SyndicateLtd/SyndicateQT,benzmuircroft/REWIRE.io,162
taocpp/PEGTL,ColinH/PEGTL,418
ColinH/PEGTL,taocpp/PEGTL,418
pastas/pastas,gwtsa/gwtsa,419
gwtsa/gwtsa,pastas/pastas,419
rancher/rancher,rancherio/rancher,1443
rancherio/rancher,rancher/rancher,1443
mozilla/addons-server,mozilla/olympia,4259
mozilla/olympia,mozilla/addons-server,4259
AzuraCast/AzuraCast,SlvrEagle23/AzuraCast,678
SlvrEagle23/AzuraCast,AzuraCast/AzuraCast,678
dbeyer/benchexec,sosy-lab/benchexec,679
sosy-lab/benchexec,dbeyer/benchexec,679
Perspex/Perspex,AvaloniaUI/Avalonia,1703
AvaloniaUI/Avalonia,Perspex/Perspex,1703
24eme/giilde,24eme/giilda,425
24eme/giilda,24eme/giilde,425
dot-bob/Marlin-Duplicator-6,KangDroid/Marlin,1193
KangDroid/Marlin,dot-bob/Marlin-Duplicator-6,1193
MarlinFirmware/Marlin,dot-bob/Marlin-Duplicator-6,1193
dot-bob/Marlin-Duplicator-6,MarlinFirmware/Marlin,1193
SylvainCecchetto/plugin.video.catchuptvandmore,Catch-up-TV-and-More/plugin.video.catchuptvandmore,427
Catch-up-TV-and-More/plugin.video.catchuptvandmore,SylvainCecchetto/plugin.video.catchuptvandmore,427
hashicorp/packer,mitchellh/packer,941
mitchellh/packer,hashicorp/packer,941
explosion/spaCy,honnibal/spaCy,1709
honnibal/spaCy,explosion/spaCy,1709
GNOME/glib,endlessm/glib,1198
endlessm/glib,GNOME/glib,1198
miekg/coredns,coredns/coredns,432
coredns/coredns,miekg/coredns,432
sagemathinc/cocalc,sagemathinc/smc,688
sagemathinc/smc,sagemathinc/cocalc,688
xray/xray,pydata/xarray,434
pydata/xarray,xray/xray,434
digitalentity/cleanflight,iNavFlight/inav,690
iNavFlight/inav,digitalentity/cleanflight,690
emacsmirror/org,kjambunathan/org-mode-ox-odt,181
bzg/org-mode,kjambunathan/org-mode-ox-odt,181
kjambunathan/org-mode-ox-odt,emacsmirror/org,181
kjambunathan/org-mode-ox-odt,bzg/org-mode,181
openwrt/packages,jszakmeister/old-packages,4533
jszakmeister/old-packages,openwrt/packages,4533
mosdef-hub/mbuild,iModels/mbuild,439
iModels/mbuild,mosdef-hub/mbuild,439
kamilszymanski/kamilszymanski.github.io,mmistakes/minimal-mistakes,184
kamilszymanski/kamilszymanski.github.io,waldirio/waldirio.github.io,184
kamilszymanski/kamilszymanski.github.io,bum752/bum752.github.io,184
bum752/bum752.github.io,kamilszymanski/kamilszymanski.github.io,184
kamilszymanski/kamilszymanski.github.io,jijames/dfir.science,184
mmistakes/minimal-mistakes,kamilszymanski/kamilszymanski.github.io,184
waldirio/waldirio.github.io,kamilszymanski/kamilszymanski.github.io,184
jijames/dfir.science,kamilszymanski/kamilszymanski.github.io,184
elixirschool/elixirschool,doomspork/elixir-school,440
rindeal/rindeal-ebuild-repo,rindeal/gentoo-overlay,440
rindeal/gentoo-overlay,rindeal/rindeal-ebuild-repo,440
doomspork/elixir-school,elixirschool/elixirschool,440
openstack/kolla,stackforge/kolla,697
stackforge/kolla,openstack/kolla,697
andrewtelnov/surveyjs,surveyjs/surveyjs,442
surveyjs/surveyjs,andrewtelnov/surveyjs,442
Amsterdam/atlas,DatapuntAmsterdam/atlas_prototype,698
DatapuntAmsterdam/atlas_prototype,Amsterdam/atlas,698
kfowler/emacs,emacs-mirror/emacs,4026
stinsonga/emacs-mirror,emacs-mirror/emacs,4026
emacs-mirror/emacs,kfowler/emacs,4026
emacs-mirror/emacs,stinsonga/emacs-mirror,4026
bywatersolutions/bws-package,bywatersolutions/ByWater-KOHA,188
bywatersolutions/ByWater-KOHA,bywatersolutions/bws-package,188
PennyDreadfulMTG/Penny-Dreadful-Discord-Bot,PennyDreadfulMTG/Penny-Dreadful-Tools,444
PennyDreadfulMTG/Penny-Dreadful-Tools,PennyDreadfulMTG/Penny-Dreadful-Discord-Bot,444
GitTools/GitVersion,ParticularLabs/GitVersion,445
ParticularLabs/GitVersion,GitTools/GitVersion,445
mozilla/addons-validator,mozilla/addons-linter,446
mozilla/addons-linter,mozilla/addons-validator,446
jijames/dfir.science,waldirio/waldirio.github.io,191
waldirio/waldirio.github.io,jijames/dfir.science,191
waldirio/waldirio.github.io,mmistakes/minimal-mistakes,191
bum752/bum752.github.io,waldirio/waldirio.github.io,191
waldirio/waldirio.github.io,bum752/bum752.github.io,191
mmistakes/minimal-mistakes,waldirio/waldirio.github.io,191
ampproject/amp-wp,Automattic/amp-wp,447
Automattic/amp-wp,ampproject/amp-wp,447
vector-im/riot-web,vector-im/vector-web,1215
vector-im/vector-web,vector-im/riot-web,1215
ManageIQ/integration_tests,RedHatQE/cfme_tests,704
RedHatQE/cfme_tests,ManageIQ/integration_tests,704
K0zka/kerub,kerubistan/kerub,449
kerubistan/kerub,K0zka/kerub,449
dbeaver/dbeaver,serge-rider/dbeaver,961
serge-rider/dbeaver,dbeaver/dbeaver,961
kactus-io/kactus,desktop/desktop,3778
desktop/desktop,kactus-io/kactus,3778
WBCE/WebsiteBaker_CommunityEdition,WBCE/WBCE_CMS,195
WBCE/WBCE_CMS,WBCE/WebsiteBaker_CommunityEdition,195
BitSharesEurope/wallet.bitshares.eu,bitshares/bitshares-2-ui,708
qtumproject/qtum,FeatherCoin/Feathercoin,708
bitshares/bitshares-2-ui,BitSharesEurope/wallet.bitshares.eu,708
redisson/redisson,mrniko/redisson,708
FeatherCoin/Feathercoin,qtumproject/qtum,708
mrniko/redisson,redisson/redisson,708
artsy/force,artsy/force-public,1732
artsy/force-public,artsy/force,1732
rbaghdadi/COLi,rbaghdadi/ISIR,453
rbaghdadi/ISIR,rbaghdadi/COLi,453
citra-emu/citra-canary,citra-emu/citra-nightly,709
citra-emu/citra-nightly,citra-emu/citra,709
citra-emu/citra-nightly,citra-emu/citra-canary,709
citra-emu/citra,citra-emu/citra-nightly,709
citra-emu/citra-canary,citra-emu/citra,709
citra-emu/citra,citra-emu/citra-canary,709
prometheus/tsdb,prometheus/prometheus,198
prometheus/prometheus,prometheus/tsdb,198
ebmdatalab/openprescribing,annapowellsmith/openpresc,710
annapowellsmith/openpresc,ebmdatalab/openprescribing,710
BitSharesEurope/wallet.bitshares.eu,bitshares/bitshares-ui,711
bitshares/bitshares-ui,BitSharesEurope/wallet.bitshares.eu,711
kiwiirc/kiwiirc,prawnsalad/kiwiirc-next,200
OpenSkywalking/skywalking,apache/skywalking,200
apache/skywalking,OpenSkywalking/skywalking,200
prawnsalad/kiwiirc-next,kiwiirc/kiwiirc,200
plotly/plotly.py,plotly/python-api,201
plotly/python-api,plotly/plotly.py,201
nickbutcher/plaid,android/plaid,201
android/plaid,nickbutcher/plaid,201
choderalab/openpathsampling,openpathsampling/openpathsampling,201
openpathsampling/openpathsampling,choderalab/openpathsampling,201
OurWorldInData/owid-grapher,owid/owid-grapher,457
owid/owid-grapher,OurWorldInData/owid-grapher,457
Impactstory/sherlockoa,Impactstory/oadoi,202
reflex-frp/reflex,ryantrinkle/reflex,202
nohaapav/swarmpit,swarmpit/swarmpit,202
Impactstory/oadoi,Impactstory/sherlockoa,202
cedx/akismet,cedx/akismet.js,202
ryantrinkle/reflex,reflex-frp/reflex,202
swarmpit/swarmpit,nohaapav/swarmpit,202
cedx/akismet.js,cedx/akismet,202
LibreDTE/libredte-modulo-Dte,LibreDTE/libredte-sowerphp,202
LibreDTE/libredte-sowerphp,LibreDTE/libredte-modulo-Dte,202
Allors/platform,Allors/allors2,458
Allors/allors2,Allors/platform,458
Microsoft/TypeScript,microsoft/TypeScript,1226
microsoft/TypeScript,Microsoft/TypeScript,1226
superdesk/liveblog,liveblog/liveblog,203
frankkoch/moodle-mod_studentquiz,dmoshfegh/community-quiz,203
SAOImageDS9/tkblt,SAOImageDS9/SAOImageDS9,203
SAOImageDS9/SAOImageDS9,SAOImageDS9/tkblt,203
pluginsGLPI/formcreator,TECLIB/formcreator,203
liveblog/liveblog,superdesk/liveblog,203
TECLIB/formcreator,pluginsGLPI/formcreator,203
dmoshfegh/community-quiz,frankkoch/moodle-mod_studentquiz,203
cssinjs/jss,jsstyles/jss,204
jsstyles/jss,cssinjs/jss,204
robbyrussell/oh-my-zsh,thearthur/.oh-my-zsh,460
thearthur/.oh-my-zsh,robbyrussell/oh-my-zsh,460
kubespray/kargo,kubernetes-incubator/kubespray,205
kubernetes-incubator/kubespray,kubespray/kargo,205
vsoftco/qpp,QCT-IQC/qpp,461
QCT-IQC/qpp,vsoftco/qpp,461
NightscoutFoundation/xDrip,jamorham/xDrip-plus,717
ihongs/HongsCORE.new,ihongs/HongsCORE,717
jamorham/xDrip-plus,NightscoutFoundation/xDrip,717
ihongs/HongsCORE,ihongs/HongsCORE.new,717
wordpress-mobile/WordPress-Aztec-iOS,wordpress-mobile/AztecEditor-iOS,206
chaseadamsio/chaseadams.io,chaseadamsio/chaseadamsio.gitlab.io,206
wordpress-mobile/AztecEditor-iOS,wordpress-mobile/WordPress-Aztec-iOS,206
cssinjs/css-vendor,jsstyles/css-vendor,206
jsstyles/css-vendor,cssinjs/css-vendor,206
chaseadamsio/chaseadamsio.gitlab.io,chaseadamsio/chaseadams.io,206
cth103/dcpomatic,cth103/dcpomatic2,206
cth103/dcpomatic2,cth103/dcpomatic,206
pappasam/configsettings,pappasam/dotfiles,206
pappasam/dotfiles,pappasam/configsettings,206
cilium-team/cilium,cilium/cilium,718
cilium/cilium,cilium-team/cilium,718
ferruhy/dpdk,grivet/dpdk,2766
DPDK/dpdk,grivet/dpdk,2766
napatech/dpdk,grivet/dpdk,2766
grivet/dpdk,anlaneg/dpdk,2766
grivet/dpdk,ferruhy/dpdk,2766
anlaneg/dpdk,grivet/dpdk,2766
grivet/dpdk,DPDK/dpdk,2766
grivet/dpdk,napatech/dpdk,2766
callaa/Drawpile,drawpile/Drawpile,207
go-redis/redis,vmihailenco/redis,207
clangen/musikcube,onnerby/musikcube,207
onnerby/musikcube,clangen/musikcube,207
vmihailenco/redis,go-redis/redis,207
drawpile/Drawpile,callaa/Drawpile,207
ZotPlus/zotero-better-bibtex,retorquere/zotero-better-bibtex,208
EmmyLua/IntelliJ-EmmyLua,tangzx/IntelliJ-EmmyLua,208
ursjoss/scipamato,ursjoss/sipamato,208
ursjoss/sipamato,ursjoss/scipamato,208
retorquere/zotero-better-bibtex,ZotPlus/zotero-better-bibtex,208
tangzx/IntelliJ-EmmyLua,EmmyLua/IntelliJ-EmmyLua,208
Homebrew/brew,Linuxbrew/brew,209
AlexanderElias/oxe,AlexanderElias/jenie,209
resin-io/resin-etcher,resin-io/herostratus,209
AlexanderElias/jenie,AlexanderElias/oxe,209
resin-io/herostratus,resin-io/resin-etcher,209
Linuxbrew/brew,Homebrew/brew,209
proycon/ucto,LanguageMachines/ucto,210
LanguageMachines/ucto,proycon/ucto,210
macarthur-lab/seqr,macarthur-lab/xbrowse,1234
macarthur-lab/xbrowse,macarthur-lab/seqr,1234
chrisy/vpp,FDio/vpp,2514
FDio/vpp,chrisy/vpp,2514
jackpot51/redox,redox-os/redox,211
fibjs/fibjs,xicilion/fibjs,211
wekan/wekan,libreboard/libreboard,211
xicilion/fibjs,fibjs/fibjs,211
rorywalsh/cabbage,rorywalsh/cabaiste,211
redox-os/redox,jackpot51/redox,211
libreboard/libreboard,wekan/wekan,211
rorywalsh/cabaiste,rorywalsh/cabbage,211
tuplejump/FiloDB,filodb/FiloDB,212
filodb/FiloDB,tuplejump/FiloDB,212
4treesCH/strolch,eitchnet/strolch,212
eitchnet/strolch,4treesCH/strolch,212
puppetlabs/puppetserver,puppetlabs/puppet-server,468
articuluxe/harmsway,danrharms/harmsway,468
danrharms/harmsway,articuluxe/harmsway,468
puppetlabs/puppet-server,puppetlabs/puppetserver,468
IMA-WorldHealth/bhima-2.X,IMA-WorldHealth/bhima,724
IMA-WorldHealth/bhima,IMA-WorldHealth/bhima-2.X,724
lede-project/source,urjaman/openwrt-w268r,1236
wongsyrone/lede-1,urjaman/openwrt-w268r,1236
urjaman/openwrt-w268r,ghent360/lede-project,1236
urjaman/openwrt-w268r,noblepepper/openwrt,1236
urjaman/openwrt-w268r,lede-project/source,1236
noblepepper/openwrt,urjaman/openwrt-w268r,1236
ghent360/lede-project,urjaman/openwrt-w268r,1236
urjaman/openwrt-w268r,wongsyrone/lede-1,1236
openwrt/openwrt,urjaman/openwrt-w268r,1236
urjaman/openwrt-w268r,openwrt/openwrt,1236
zig-lang/zig,andrewrk/zig,981
andrewrk/zig,zig-lang/zig,981
bzg/org-mode,KDr2/org-mode,214
emacsmirror/org,KDr2/org-mode,214
KDr2/org-mode,bzg/org-mode,214
awesto/django-shop,divio/django-shop,214
MediaBrowser/plugin.video.emby,MediaBrowser/Emby.Kodi,214
magicismight/react-native-svg,react-native-community/react-native-svg,214
MediaBrowser/Emby.Kodi,MediaBrowser/plugin.video.emby,214
airspeed-velocity/asv,spacetelescope/asv,214
spacetelescope/asv,airspeed-velocity/asv,214
zalando/tracer,whiskeysierra/tracer,214
magicismight/react-native-art-svg,magicismight/react-native-svg,214
magicismight/react-native-svg,magicismight/react-native-art-svg,214
whiskeysierra/tracer,zalando/tracer,214
KDr2/org-mode,emacsmirror/org,214
react-native-community/react-native-svg,magicismight/react-native-svg,214
divio/django-shop,awesto/django-shop,214
Palindrom/Palindrom,PuppetJs/PuppetJs,215
metpy/MetPy,Unidata/MetPy,215
Unidata/MetPy,metpy/MetPy,215
h2oai/h2o-3,h2oai/h2o-dev,215
PuppetJs/PuppetJs,Palindrom/Palindrom,215
h2oai/h2o-dev,h2oai/h2o-3,215
apollostack/apollo-client,apollographql/apollo-client,471
apollographql/apollo-client,apollostack/apollo-client,471
aqbanking/gwenhywfar,cstim/gwenhywfar,216
cstim/gwenhywfar,aqbanking/gwenhywfar,216
bhlmn/IRLSetup,fit-winds/IRLSetup,984
fit-winds/IRLSetup,bhlmn/IRLSetup,984
ferruhy/dpdk,napatech/dpdk,4313
napatech/dpdk,ferruhy/dpdk,4313
DPDK/dpdk,napatech/dpdk,4313
napatech/dpdk,DPDK/dpdk,4313
BlackHole/obh-core,OpenViX/vix-core,218
TheCraigHewitt/Seriously-Simple-Podcasting,hlashbrooke/Seriously-Simple-Podcasting,218
hlashbrooke/Seriously-Simple-Podcasting,TheCraigHewitt/Seriously-Simple-Podcasting,218
OpenViX/vix-core,BlackHole/obh-core,218
elementary/website,elementary/mvp,474
elementary/mvp,elementary/website,474
tensorflow/tensorflow,tensorflow/mlir,3034
tensorflow/mlir,tensorflow/tensorflow,3034
systemd/systemd,systemd/systemd-stable,4570
systemd/systemd-stable,systemd/systemd,4570
systemd/systemd-stable,openSUSE/systemd,4570
openSUSE/systemd,systemd/systemd-stable,4570
wpioneer/gatsby-starter-lumen,hb-gatsby/gatsby-starter-lumen,219
wpioneer/gatsby-starter-lumen,alxshelepenok/gatsby-starter-lumen,219
wpioneer/gatsby-starter-lumen,rkkautsar/blog,219
hb-gatsby/gatsby-starter-lumen,wpioneer/gatsby-starter-lumen,219
rkkautsar/blog,wpioneer/gatsby-starter-lumen,219
alxshelepenok/gatsby-starter-lumen,wpioneer/gatsby-starter-lumen,219
motss/jv-datepicker,motss/app-datepicker,220
wikimedia/restbase,wikimedia/mediawiki-services-restbase,220
harujoh/Kelp.Net,harujoh/KelpNet,220
motss/app-datepicker,motss/jv-datepicker,220
wikimedia/mediawiki-services-restbase,wikimedia/restbase,220
harujoh/KelpNet,harujoh/Kelp.Net,220
ubuntu-core/snappy,snapcore/snapd,4572
snapcore/snapd,ubuntu-core/snappy,4572
OurWorldInData/our-world-in-data-grapher,owid/owid-grapher,221
OurWorldInData/our-world-in-data-grapher,OurWorldInData/owid-grapher,221
OurWorldInData/owid-grapher,OurWorldInData/our-world-in-data-grapher,221
pexip/gst-plugins-good,GStreamer/gst-plugins-good,221
GStreamer/gst-plugins-good,pexip/gst-plugins-good,221
owid/owid-grapher,OurWorldInData/our-world-in-data-grapher,221
twitter/zipkin,openzipkin/zipkin,477
openzipkin/zipkin,twitter/zipkin,477
CommandPost/CommandPost,fcpxhacks/fcpxhacks,222
mozilla-services/kinto-dist,Kinto/kinto-dist,222
fcpxhacks/fcpxhacks,CommandPost/CommandPost,222
Kinto/kinto-dist,mozilla-services/kinto-dist,222
jarun/noice,jarun/nnn,990
jarun/nnn,jarun/noice,990
ferruhy/dpdk,DPDK/dpdk,4318
DPDK/dpdk,ferruhy/dpdk,4318
Nosto/php-sdk,Nosto/nosto-php-sdk,223
Nosto/nosto-php-sdk,Nosto/php-sdk,223
iamanai/ModernGadgets,raiguard/ModernGadgets,479
raiguard/ModernGadgets,iamanai/ModernGadgets,479
emacsmirror/org,bzg/org-mode,735
bzg/org-mode,emacsmirror/org,735
meren/anvio,merenlab/anvio,224
merenlab/anvio,meren/anvio,224
elvman/ouzel,elnormous/ouzel,480
yunity/foodsaving-frontend,yunity/karrot-frontend,480
elnormous/ouzel,elvman/ouzel,480
yunity/karrot-frontend,yunity/foodsaving-frontend,480
rancher/ui,rancherio/ui,992
rancherio/ui,rancher/ui,992
dadoonet/fscrawler,dadoonet/fsriver,225
dvarrui/checking-machines,dvarrui/tt-checker,225
dadoonet/fsriver,dadoonet/fscrawler,225
dvarrui/tt-checker,dvarrui/checking-machines,225
n7tae/g2_ircddb,ac2ie/g2_ircddb,226
ac2ie/g2_ircddb,n7tae/g2_ircddb,226
sebmck/lerna,lerna/lerna,226
lerna/lerna,sebmck/lerna,226
openstack/python-openstackclient,dtroyer/python-openstackclient,226
dtroyer/python-openstackclient,openstack/python-openstackclient,226
sorgerlab/belpy,sorgerlab/indra,482
sorgerlab/indra,sorgerlab/belpy,482
vatlab/SOS,BoPeng/SOS,738
BoPeng/SOS,vatlab/SOS,738
thofma/hecke,thofma/Hecke.jl,483
thofma/Hecke.jl,thofma/hecke,483
progrium/dokku,dokku/dokku,739
dokku/dokku,progrium/dokku,739
rkkautsar/blog,hb-gatsby/gatsby-starter-lumen,228
hb-gatsby/gatsby-starter-lumen,alxshelepenok/gatsby-starter-lumen,228
hb-gatsby/gatsby-starter-lumen,rkkautsar/blog,228
alxshelepenok/gatsby-starter-lumen,hb-gatsby/gatsby-starter-lumen,228
slackapi/node-slack-sdk,slackhq/node-slack-client,484
slackhq/node-slack-client,slackapi/node-slack-sdk,484
TheIndifferent/jenkins-scm-koji-plugin,judovana/jenkins-scm-koji-plugin,229
dataversioncontrol/dvc,dmpetrov/dataversioncontrol,229
dmpetrov/dataversioncontrol,dataversioncontrol/dvc,229
ChristianSi/lytspel,ChristianSi/phoneng,229
judovana/jenkins-scm-koji-plugin,TheIndifferent/jenkins-scm-koji-plugin,229
ChristianSi/phoneng,ChristianSi/lytspel,229
Amsterdam/atlas,DatapuntAmsterdam/atlas,485
DatapuntAmsterdam/atlas_prototype,DatapuntAmsterdam/atlas,485
DatapuntAmsterdam/atlas,Amsterdam/atlas,485
DatapuntAmsterdam/atlas,DatapuntAmsterdam/atlas_prototype,485
openSUSE/libstorage-ng,openSUSE/libstorage-bgl-eval,230
openSUSE/libstorage-bgl-eval,openSUSE/libstorage-ng,230
adaltas/node-mecano,adaltas/node-nikita,230
markbates/buffalo,gobuffalo/buffalo,230
adaltas/node-nikita,adaltas/node-mecano,230
gobuffalo/buffalo,markbates/buffalo,230
dbinetti/barberscore-django,barberscore/barberscore-api,998
barberscore/barberscore-api,dbinetti/barberscore-django,998
Kronos-Integration/kronos-interceptor-line-parser,Kronos-Integration/stream-line-parser,231
ArmaOverthrow/Overthrow.Tanoa,ArmaOverthrow/Overthrow,231
mmistakes/minimal-mistakes,bum752/bum752.github.io,231
bum752/bum752.github.io,jijames/dfir.science,231
jijames/dfir.science,bum752/bum752.github.io,231
blockstack/opendig,blockstack/blockstack-client,231
Blazemeter/taurus,greyfenrir/taurus,231
Kronos-Integration/stream-line-parser,Kronos-Integration/kronos-interceptor-line-parser,231
greyfenrir/taurus,Blazemeter/taurus,231
bum752/bum752.github.io,mmistakes/minimal-mistakes,231
ArmaOverthrow/Overthrow,ArmaOverthrow/Overthrow.Tanoa,231
blockstack/blockstack-client,blockstack/opendig,231
jabberzac/Overthrow,ArmaOverthrow/Overthrow.Tanoa,231
ArmaOverthrow/Overthrow.Tanoa,jabberzac/Overthrow,231
vicnet/weboob,laurentb/weboob,1001
laurentb/weboob,vicnet/weboob,1001
glimix/limix-inference,limix/glimix-core,234
limix/glimix-core,glimix/limix-inference,234
PKief/vscode-extension-material-icon-theme,PKief/vscode-material-icon-theme,235
MetacoSA/NBitcoin,NicolasDorier/NBitcoin,235
NicolasDorier/NBitcoin,MetacoSA/NBitcoin,235
PKief/vscode-material-icon-theme,PKief/vscode-extension-material-icon-theme,235
noblepepper/openwrt,lede-project/source,2283
noblepepper/openwrt,wongsyrone/lede-1,2283
openwrt/openwrt,noblepepper/openwrt,2283
wongsyrone/lede-1,noblepepper/openwrt,2283
ghent360/lede-project,noblepepper/openwrt,2283
noblepepper/openwrt,openwrt/openwrt,2283
noblepepper/openwrt,ghent360/lede-project,2283
lede-project/source,noblepepper/openwrt,2283
tblume/systemd-testsuite-suse,openSUSE/systemd,3819
tblume/systemd-testsuite-suse,systemd/systemd,3819
openSUSE/systemd,tblume/systemd-testsuite-suse,3819
systemd/systemd-stable,tblume/systemd-testsuite-suse,3819
tblume/systemd-testsuite-suse,systemd/systemd-stable,3819
systemd/systemd,tblume/systemd-testsuite-suse,3819
konnov/dach,konnov/apalache,236
konnov/apalache,konnov/dach,236
skirpichev/omg,diofant/diofant,236
oxygenhq/oxygen-node,oxygenhq/oxygen,236
diofant/diofant,skirpichev/omg,236
oxygenhq/oxygen,oxygenhq/oxygen-node,236
switchfly/ember-mocha,emberjs/ember-mocha,237
emberjs/ember-mocha,switchfly/ember-mocha,237
mmistakes/minimal-mistakes,jijames/dfir.science,237
jijames/dfir.science,mmistakes/minimal-mistakes,237
kalabox/lando,lando/lando,749
lando/lando,kalabox/lando,749
storybooks/storybook,storybooks/react-storybook,3566
storybooks/react-storybook,storybooks/storybook,3566
hyperapp/hyperapp,jbucaran/hyperapp,239
yaocloud/yao,udzura/oslo,239
mosdef-hub/foyer,iModels/foyer,239
iModels/foyer,mosdef-hub/foyer,239
jbucaran/hyperapp,hyperapp/hyperapp,239
udzura/oslo,yaocloud/yao,239
Rothamsted/knetminer,KeywanHP/QTLNetMiner,496
KeywanHP/QTLNetMiner,Rothamsted/knetminer,496
rhosqeauto/InfraRed,redhat-openstack/infrared,752
redhat-openstack/infrared,rhosqeauto/InfraRed,752
thommcgrath/Beacon-For-Ark,thommcgrath/Beacon,241
thommcgrath/Beacon,thommcgrath/Beacon-For-Ark,241
azavea/raster-foundry,raster-foundry/raster-foundry,497
raster-foundry/raster-foundry,azavea/raster-foundry,497
openembedded/meta-openembedded,mrchapp/meta-openembedded,1777
mrchapp/meta-openembedded,openembedded/meta-openembedded,1777
rehsack/meta-openembedded,mrchapp/meta-openembedded,1777
mrchapp/meta-openembedded,rehsack/meta-openembedded,1777
grommet/grommet,HewlettPackard/grommet,242
HewlettPackard/grommet,grommet/grommet,242
primer/primer-css,primer/primer,755
primer/primer,primer/primer-css,755
qutebrowser/qutebrowser,The-Compiler/qutebrowser,755
The-Compiler/qutebrowser,qutebrowser/qutebrowser,755
eurofurence/ef-app_ios,Fenrikur/ef-app_ios,1011
Fenrikur/ef-app_ios,eurofurence/ef-app_ios,1011
jovr/imgui,kotlin-graphics/imgui,245
kotlin-graphics/imgui,jovr/imgui,245
cliffordwolf/yosys,YosysHQ/yosys,245
YosysHQ/yosys,cliffordwolf/yosys,245
MarginallyClever/Robot-Overlord,MarginallyClever/Robot-Overlord-App,501
droolsjbpm/kie-wb-common,kiegroup/kie-wb-common,501
kiegroup/kie-wb-common,droolsjbpm/kie-wb-common,501
MarginallyClever/Robot-Overlord-App,MarginallyClever/Robot-Overlord,501
milkypostman/melpa,melpa/melpa,757
melpa/melpa,milkypostman/melpa,757
decaffeinate/decaffeinate-parser,eventualbuddha/decaffeinate-parser,246
eventualbuddha/decaffeinate-parser,decaffeinate/decaffeinate-parser,246
phacility/phabricator,wikimedia/phabricator-phabricator,758
wikimedia/phabricator-phabricator,phacility/phabricator,758
kiwitcms/Kiwi,MrSenko/Kiwi,1014
MrSenko/Kiwi,kiwitcms/Kiwi,1014
hack4code/BlogSpider,wartalker/BlogSpider,247
wartalker/BlogSpider,hack4code/BlogSpider,247
GNOME/gnome-software,endlessm/gnome-software,503
endlessm/gnome-software,GNOME/gnome-software,503
arshaw/fullcalendar,fullcalendar/fullcalendar,503
fullcalendar/fullcalendar,arshaw/fullcalendar,503
fuadsaud/houdini,fuadsaud/J.A.R.V.I.S,248
networknt/undertow-server,networknt/light-java,248
networknt/light-java,networknt/light-4j,248
fuadsaud/J.A.R.V.I.S,fuadsaud/houdini,248
networknt/light-java,networknt/undertow-server,248
networknt/light-4j,networknt/undertow-server,248
networknt/light-4j,networknt/light-java,248
networknt/undertow-server,networknt/light-4j,248
jabberzac/Overthrow,ArmaOverthrow/Overthrow,504
ArmaOverthrow/Overthrow,jabberzac/Overthrow,504
bkaradzic/SwiftShader,google/swiftshader,1528
google/swiftshader,bkaradzic/SwiftShader,1528
apache/incubator-superset,airbnb/superset,249
apollographql/react-apollo,apollostack/react-apollo,249
palantir/sls-packaging,palantir/gradle-java-distribution,249
airbnb/superset,apache/incubator-superset,249
palantir/gradle-java-distribution,palantir/sls-packaging,249
apollostack/react-apollo,apollographql/react-apollo,249
RavenX8/osIROSE-new,dev-osrose/osIROSE-new,250
dev-osrose/osIROSE-new,RavenX8/osIROSE-new,250
vialectrum/vialectrum,spesmilo/electrum,251
spesmilo/electrum,vialectrum/vialectrum,251
platformio/platformio,platformio/platformio-core,763
platformio/platformio-core,platformio/platformio,763
zalando/riptide,whiskeysierra/riptide,252
whiskeysierra/riptide,zalando/riptide,252
triceo/robozonky,RoboZonky/robozonky,252
f-droid/fdroidserver,fdroidtravis/fdroidserver,252
fdroidtravis/fdroidserver,f-droid/fdroidserver,252
RoboZonky/robozonky,triceo/robozonky,252
GoogleCloudPlatform/gcloud-python,googleapis/google-cloud-python,1276
googleapis/google-cloud-python,GoogleCloudPlatform/gcloud-python,1276
guix-mirror/guix,Millak/guix,14332
Millak/guix,guix-mirror/guix,14332
Inlife/noxrender,Inlife/nexrender,253
gomorpheus/morpheus-cli,bertramdev/morpheus-cli,253
d2l-ai/d2l-zh,mli/gluon-tutorials-zh,253
bertramdev/morpheus-cli,gomorpheus/morpheus-cli,253
Inlife/nexrender,Inlife/noxrender,253
mli/gluon-tutorials-zh,d2l-ai/d2l-zh,253
frida/vala,GNOME/vala,254
GNOME/vala,frida/vala,254
Grafeas/Grafeas,grafeas/grafeas,510
grafeas/grafeas,Grafeas/Grafeas,510
NOAA-PMEL/Ferret,NOAA-PMEL/PyFerret,255
objectarts/Dolphin,dolphinsmalltalk/Dolphin,255
xieguigang/VisualBasic_AppFramework,xieguigang/sciBASIC,255
xieguigang/sciBASIC,xieguigang/VisualBasic_AppFramework,255
NOAA-PMEL/PyFerret,NOAA-PMEL/Ferret,255
DeDiS/cothority,ineiti/cothorities,255
ineiti/cothorities,DeDiS/cothority,255
dolphinsmalltalk/Dolphin,objectarts/Dolphin,255
poldracklab/preprocessing-workflow,poldracklab/fmriprep,511
poldracklab/fmriprep,poldracklab/preprocessing-workflow,511
open-power/skiboot,qemu/skiboot,767
qemu/skiboot,open-power/skiboot,767
victorbrodsky/order-lab,cinava/order-lab,1279
cinava/order-lab,victorbrodsky/order-lab,1279
apereo/cas,fogbeam/cas_mirror,2047
fogbeam/cas_mirror,apereo/cas,2047
